{"cameraMode":{"drawMode":0,"name":"Shaded","section":"Shading Mode"},"sceneLighting":true,"audioPlay":false,"sceneViewState":{"showFog":true,"showMaterialUpdate":false,"showSkybox":true,"showFlares":true,"showImageEffects":true,"showParticleSystems":true,"showVisualEffectGraphs":true,"m_FxEnabled":true},"in2DMode":false,"pivot":{"x":0.8807050585746765,"y":1.3481042385101319,"z":8.686347961425782},"rotation":{"x":0.15686631202697755,"y":0.06189730018377304,"z":-0.009788458235561848,"w":0.9857360124588013},"size":2.3804757595062258,"orthographic":false}