{"cameraMode":{"drawMode":0,"name":"Shaded","section":"Shading Mode"},"sceneLighting":true,"audioPlay":false,"sceneViewState":{"showFog":true,"showMaterialUpdate":false,"showSkybox":true,"showFlares":true,"showImageEffects":true,"showParticleSystems":true,"showVisualEffectGraphs":true,"m_FxEnabled":true},"in2DMode":false,"pivot":{"x":8.419734001159668,"y":0.8515782356262207,"z":6.440975189208984},"rotation":{"x":0.0901254191994667,"y":0.040035996586084369,"z":-0.003565264167264104,"w":0.9952242970466614},"size":3.404613971710205,"orthographic":false}