{"cameraMode":{"drawMode":0,"name":"Shaded","section":"Shading Mode"},"sceneLighting":false,"audioPlay":false,"sceneViewState":{"showFog":true,"showMaterialUpdate":false,"showSkybox":false,"showFlares":true,"showImageEffects":true,"showParticleSystems":true,"showVisualEffectGraphs":true,"m_FxEnabled":true},"in2DMode":false,"pivot":{"x":-0.24027499556541444,"y":0.06002573296427727,"z":-6.843204975128174},"rotation":{"x":0.16690094769001008,"y":0.08598039299249649,"z":-0.014533956535160542,"w":0.9822057485580444},"size":1.7329235076904297,"orthographic":false}